<?xml version="1.0" encoding="utf-8" standalone="yes"?>
<!-- Aeon MQ 5 Isengard 7.1.10 -->

<window id="2002">
	<zorder>3</zorder>
	<defaultcontrol>10</defaultcontrol>
	<controls>
		<control type="group">
			<include>Animation_TopDialogPopup</include>
			<include>Dialogs_DoubleBar</include>
			<control type="label" id="1">
				<include>Dialogs_Label1</include>
			</control>
			<control type="label" id="2">
				<include>Dialogs_Label2</include>
			</control>
			<control type="label" id="3">
				<include>Dialogs_Label3</include>
			</control>
			<control type="label" id="4">
				<include>Dialogs_Label4</include>
			</control>
			<control type="button" id="10">
				<include>InvisibleButton</include>
				<onleft>10</onleft>
				<onright>10</onright>
				<onup>10</onup>
				<ondown>10</ondown>
			</control>
		</control>
	</controls>
</window>