<?xml version="1.0" encoding="UTF-8"?>
<!-- Aeon MQ 5 Helix 6.1.0/6.1.1 -->
<!-- Jarvis 8.1.14 -->

<window id="131">
	<defaultcontrol>5</defaultcontrol>
	<coordinates>
		<system>1</system>
		<posx>0</posx>
		<posy>0</posy>
	</coordinates>
	<!-- <zorder>4</zorder> -->
	<include>Animation_DialogPopup</include>
	<controls>
		<control type="group">
			<posx>217</posx>
			<posy>190</posy>
			<width>847</width>
			<height>328</height>
			<visible>Window.IsActive(131)</visible>
			<control type="image">
				<posx>0</posx>
				<posy>0</posy>
				<width>847</width>
				<height>1</height>
				<texture>grey.png</texture>
			</control>
			<control type="image">
				<posx>0</posx>
				<posy>327</posy>
				<width>847</width>
				<height>1</height>
				<texture>grey.png</texture>
			</control>
			<control type="image">
				<posx>-30</posx>
				<posy>0</posy>
				<width>30</width>
				<height>328</height>
				<texture flipx="true">shadow.png</texture>
				<colordiffuse>C3FFFFFF</colordiffuse>
			</control>
			<control type="image">
				<posx>0</posx>
				<posy>0</posy>
				<width>847</width>
				<height>328</height>
				<texture>darkgrey.png</texture>
				<colordiffuse>F0FFFFFF</colordiffuse>
			</control>
			<control type="image">
				<posx>0</posx>
				<posy>39</posy>
				<width>682</width>
				<height>1</height>
				<texture>black.png</texture>
			</control>
			<control type="image">
				<posx>0</posx>
				<posy>0</posy>
				<width>682</width>
				<height>40</height>
				<texture>black.png</texture>
				<colordiffuse>90FFFFFF</colordiffuse>
			</control>
			<control type="label" id="2"><!-- header -->
				<posx>10</posx>
				<posy>6</posy>
				<width>673</width>
				<height>28</height>
				<align>center</align>
				<aligny>center</aligny>
				<textcolor>$VAR[value_headercolor]</textcolor>
				<font>Font_18</font>
				<label>$LOCALIZE[20043]</label>
			</control>
			<control type="grouplist" id="5">
				<description>control area</description>
				<posx>0</posx>
				<posy>45</posy>
				<width>683</width>
				<height>246</height>
				<itemgap>0</itemgap>
				<onup>5</onup>
				<ondown>5</ondown>
				<onleft>28</onleft>
				<onright>28</onright>
			</control>
			<control type="button" id="7">
				<description>Default Button</description>
				<width>470</width>
				<textoffsetx>20</textoffsetx>
			</control>
			<control type="radiobutton" id="8">
				<width>470</width>
				<radioposx>595</radioposx>
				<textoffsetx>20</textoffsetx>
			</control>
			<control type="spincontrolex" id="9">
				<description>directory content select spincontrol</description>
				<width>470</width>
				<height>40</height>
				<font>Font_SettingsOptions</font>
			</control>
			<control type="sliderex" id="10">
				<description>Default Slider</description>
				<posx>1530</posx>
				<posy>150</posy>
				<height>31</height>
				<width>300</width>
				<sliderwidth>100</sliderwidth>
				<sliderheight>20</sliderheight>
				<textoffsetx>12</textoffsetx>
			</control>
			<control type="image"><!-- Options -->
				<posx>653</posx>
				<posy>0</posy>
				<width>30</width>
				<height>328</height>
				<texture flipx="true">shadow.png</texture>
				<colordiffuse>C3FFFFFF</colordiffuse>
			</control>
			<control type="image">
				<posx>846</posx>
				<posy>0</posy>
				<width>30</width>
				<height>328</height>
				<texture>shadow.png</texture>
				<colordiffuse>C3FFFFFF</colordiffuse>
			</control>
			<control type="image">
				<posx>683</posx>
				<posy>0</posy>
				<width>163</width>
				<height>328</height>
				<texture>grey.png</texture>
				<colordiffuse>90FFFFFF</colordiffuse>
			</control>
			<control type="grouplist" id="9001">
				<posx>683</posx>
				<posy>42</posy>
				<control type="button" id="28"><!-- OK -->
					<include>SettingsDialogButton</include>
					<label>186</label>
					<onleft>SetFocus(5)</onleft>
					<onright>SetFocus(5)</onright>
				</control>
				<control type="button" id="29"><!-- Cancel -->
					<include>SettingsDialogButton</include>
					<label>222</label>
					<onleft>SetFocus(5)</onleft>
					<onright>SetFocus(5)</onright>
				</control>
			</control>
		</control>
	</controls>
</window>