<?xml version="1.0" encoding="UTF-8"?>
<!-- Aeon MQ 5 Helix 6.1.0/6.1.4/6.1.5 -->
<!-- Jarvis 8.1.13/8.1.15  RjSachse EPGTimeLineLow view/8.2.1 -->

<window>
	<defaultcontrol always="false">9901</defaultcontrol>
	<menucontrol>9000</menucontrol>
	<onunload condition="Skin.HasSetting(kioskcode)">Skin.Reset($INFO[skin.string(custom_code)])</onunload>
	<!-- <allowoverlay>no</allowoverlay> -->
	<views>10,11,12,13</views>
	<controls>
		<control type="multiimage"><!-- Fanart -->
			<include>WindowBG</include>
			<imagepath background="true">$VAR[value_menutheme_livetv]</imagepath>
		</control>
		<control type="group"><!-- Visualizacao de fundo/background visualization -->
			<animation effect="fade" reversible="true" time="300">VisibleChange</animation>
			<control type="image">
				<posx>0</posx>
				<posy>0</posy>
				<width>1280</width>
				<height>720</height>
				<texture>black.png</texture>
				<colordiffuse>C3FFFFFF</colordiffuse>
				<include>Animation_Fade</include>
				<visible>Player.HasMedia</visible>
			</control>
			<control type="videowindow">
				<posx>0</posx>
				<posy>0</posy>
				<width>1280</width>
				<height>720</height>
				<visible>Player.HasVideo</visible>
				<animation effect="slide" start="0,0" end="-2000,0" time="0">WindowClose</animation>
			</control>
			<control type="visualisation">
				<posx>0</posx>
				<posy>0</posy>
				<width>1280</width>
				<height>720</height>
				<visible>Player.HasAudio</visible>
				<animation effect="slide" start="0,0" end="-2000,0" time="0">WindowClose</animation>
			</control>
		</control>

		<control type="group"><!-- default group -->
			<include>Animation_Window</include>
			<visible>![Window.IsActive(PVRGuideInfo) | Window.IsActive(PVRRecordingInfo) | Window.IsActive(PVRGuideSearch) | Window.IsActive(PVRTimerSetting)]</visible>

			<control type="button" id="9900"><!-- to menu/kiosk condition -->
				<include>InvisibleButton</include>
				<onfocus condition="![Skin.HasSetting(kiosk) | Skin.HasSetting(kiosksmart) + !SubString(skin.string(codestep),step3)]">SetFocus(9000)</onfocus>
				<onfocus condition="Skin.HasSetting(kiosksmart) + !SubString(skin.string(codestep),step3)">SetFocus(9100)</onfocus>
				<onfocus condition="Skin.HasSetting(kiosk)">SetFocus(9100)</onfocus>
			</control>
			<control type="button" id="9920"><!-- hidden colection/view fanart -->
				<include>InvisibleButton</include>
				<onleft>SetFocus(50)</onleft>
				<onright>SetFocus(50)</onright>
				<onup>SetFocus(50)</onup>
				<ondown>SetFocus(50)</ondown>
			</control>
			<control type="button" id="9901">
				<include>InvisibleButton</include>
				<onfocus condition="Control.IsVisible(13) + !Pvr.IsPlayingTv">SetFocus(9900)</onfocus>
				<onfocus condition="![Control.IsVisible(13) + !Pvr.IsPlayingTv]">SetFocus(50)</onfocus>
			</control>

			<!-- Recording/Time -->
			<control type="group">
				<animation effect="slide" start="0,-70" end="0,0" time="500" delay="1000" easing="inout" tween="cubic">WindowOpen</animation>
				<animation effect="slide" start="0,-70" end="0,0" time="500" delay="1000" easing="inout" tween="cubic">Visible</animation>
				<animation effect="slide" start="0,0" end="0,-70" time="300" easing="inout" tween="cubic">WindowClose</animation>
				<animation effect="slide" start="0,0" end="0,-70" time="300" easing="inout" tween="cubic">Hidden</animation>
				<animation effect="slide" start="0,0" end="300,0" time="0" easing="in" tween="cubic" condition="Control.IsVisible(11) | Control.IsVisible(12)">Conditional</animation>
				<visible>[PVR.IsRecording | PVR.HasNonRecordingTimer] + ![Player.HasMedia | Control.HasFocus(9920) | ControlGroup(9000).HasFocus]</visible>
				<control type="image">
					<posx>0</posx>
					<posy>0</posy>
					<width>500</width>
					<height>26</height>
					<texture>widgets_panel.png</texture>
					<colordiffuse>$VAR[value_texturecolor]</colordiffuse>
					<include>Animation_HomeGlass</include>
				</control>
				<control type="image">
					<posx>20</posx>
					<posy>5</posy>
					<width>15</width>
					<height>15</height>
					<aspectratio>keep</aspectratio>
					<texture>pvr_hastimer.png</texture>
					<visible>PVR.HasNonRecordingTimer + !PVR.ISRecording</visible>
				</control>
				<control type="image">
					<posx>20</posx>
					<posy>5</posy>
					<width>20</width>
					<height>15</height>
					<aspectratio>keep</aspectratio>
					<texture>pvr_isrecording.png</texture>
					<visible>PVR.IsRecording</visible>
				</control>
				<control type="label">
					<posx>470</posx>
					<posy>2</posy>
					<width>420</width>
					<height>20</height>
					<align>right</align>
					<aligny>center</aligny>
					<font>Font_18A</font>
					<textcolor>FFFFFAF0</textcolor>
					<label>$VAR[value_pvrstatus]</label>
					<scroll>true</scroll>
				</control>
			</control>

			<!-- now playing channel pass through-->
			<control type="label" id="29">
				<description>Current Category</description>
				<include>InvisibleButton</include>
				<visible>false</visible>
			</control>
			<control type="label" id="30">
				<description>Current Sub Category</description>
				<include>InvisibleButton</include>
				<visible>false</visible>
			</control>

			<!-- ViewTypes -->
			<control type="group" id="50">
				<include condition="!Player.HasVideo | Skin.HasSetting(noepggridlow)">ViewEPGTimeline</include>  <!-- view 10 -->
				<include condition="Player.HasVideo + !Skin.HasSetting(noepggridlow)">ViewEPGTimelineLow</include>  <!-- view 10 -->
				<include condition="Skin.HasSetting(viewnow_epg)">ViewLiveTVGuideNow</include> <!-- view 11 -->
				<include condition="Skin.HasSetting(viewnext_epg)">ViewLiveTVGuideNext</include> <!-- view 12 -->
				<include condition="Skin.HasSetting(viewchannel_epg)">ViewLiveTVGuideChannel</include> <!-- view 13 -->
			</control>

			<!-- Furniture -->
			<include>TopMenu_PVR</include>
			<include>TouchScreen</include>
			<include condition="Skin.HasSetting(pvrdate)">TopDate</include>
			<include>BGBlack</include>
		</control>
	</controls>
</window>
