	<!-- Aeon MQ 5 Jarvis 8.1.13 -->

<window>
	<defaultcontrol always="true">570</defaultcontrol>
	<views>570</views>
	<controls>
		<control type="group">
			<posy>80</posy>
			<include>Animation_DialogPopup</include>
			<!-- <visible>!Window.IsVisible(smartplaylistrule)</visible> -->
			<control type="image">
				<posx>171</posx>
				<posy>40</posy>
				<width>30</width>
				<height>481</height>
				<texture flipx="true">shadow.png</texture>
				<colordiffuse>C3FFFFFF</colordiffuse>
			</control>
			<control type="image"><!-- Fundo -->
				<posx>200</posx>
				<posy>40</posy>
				<width>875</width>
				<height>481</height>
				<texture>darkgrey.png</texture>
				<colordiffuse>F0FFFFFF</colordiffuse>
			</control>
			<control type="image"><!-- Fundo do titulo -->
				<posx>200</posx>
				<posy>40</posy>
				<width>711</width>
				<height>50</height>
				<texture>black.png</texture>
				<colordiffuse>90FFFFFF</colordiffuse>
			</control>
			<control type="label">
				<left>200</left>
				<top>40</top>
				<width>711</width>
				<height>50</height>
				<font>Font_32</font>
				<textcolor>$VAR[value_headercolor]</textcolor>
				<align>center</align>
				<aligny>center</aligny>
				<label>$LOCALIZE[14111]</label>
			</control>
			<control type="group" id="9002">
				<!-- <control type="image">
					<posx>200</posx>
					<posy>90</posy>
					<width>711</width>
					<height>40</height>
					<texture>black.png</texture>
					<colordiffuse>40FFFFFF</colordiffuse>
					<visible>Control.IsVisible(570)</visible>
				</control> -->
				<control type="list" id="570"><!-- Events -->
					<posx>200</posx>
					<posy>90</posy>
					<width>711</width>
					<height>400</height>
					<onup>570</onup>
					<onleft>9000</onleft>
					<onright condition="Control.IsVisible(80)">80</onright>
					<onright>9000</onright>
					<ondown>570</ondown>
					<viewtype label="535">list</viewtype>
					<pagecontrol>80</pagecontrol>
					<itemlayout height="80" width="711">
						<control type="image">
							<posx>0</posx>
							<posy>0</posy>
							<width>80</width>
							<height>78</height>
							<aspectratio>keep</aspectratio>
							<texture>$INFO[ListItem.Icon]</texture>
							<!-- <animation effect="slide" start="60,0" end="60,0" time="0" condition="Window.IsActive(musicplaylist) | Window.IsActive(musicfiles) | Window.IsActive(musiclibrary) | Window.IsActive(videolibrary) + ![Container.Content(movies) + !Container.Content(musicvideos)]">Conditional</animation> -->
						</control>
						<control type="label">
							<left>90</left>
							<top>0</top>
							<width>250</width>
							<height>35</height>
							<font>Font_18</font>
							<textcolor>FFFFFAF0</textcolor>
							<!-- <selectedcolor>selected</selectedcolor> -->
							<align>left</align>
							<aligny>center</aligny>
							<label>$INFO[ListItem.Label]</label>
						</control>
						<control type="textbox">
							<left>90</left>
							<top>37</top>
							<width>550</width>
							<height>35</height>
							<font>Font_17</font>
							<textcolor>FFFFFAF0</textcolor>
							<!-- 		<selectedcolor>selected</selectedcolor> -->
							<align>left</align>
							<label>$INFO[ListItem.Property(Event.Description)]</label>
						</control>
						<control type="label">
							<left>500</left>
							<top>0</top>
							<width>200</width>
							<height>30</height>
							<font>Font_14</font>
							<textcolor>FFFFFAF0</textcolor>
							<!-- <selectedcolor>selected</selectedcolor> -->
							<align>right</align>
							<aligny>center</aligny>
							<label>$INFO[ListItem.Label2]</label>
						</control>
					</itemlayout>
					<focusedlayout height="80" width="711">
						<control type="image">
							<posx>0</posx>
							<posy>0</posy>
							<width>711</width>
							<height>80</height>
							<texture>black.png</texture>
							<colordiffuse>40FFFFFF</colordiffuse>
						</control>
						<control type="image">
							<posx>0</posx>
							<posy>0</posy>
							<width>711</width>
							<height>80</height>
							<texture>settings_button_focus.png</texture>
							<colordiffuse>B6FFFFFF</colordiffuse>
						</control>
						<control type="image">
							<left>2</left>
							<top>2</top>
							<width>80</width>
							<height>76</height>
							<texture>$INFO[Listitem.Icon]</texture>
							<aspectratio>keep</aspectratio>
							<bordertexture border="3">black-back2.png</bordertexture>
							<bordersize>2</bordersize>
						</control>
						<control type="label">
							<posx>90</posx>
							<posy>0</posy>
							<width>400</width>
							<height>39</height>
							<aligny>center</aligny>
							<info>ListItem.Label</info>
							<font>Font_18</font>
							<textcolor>$VAR[value_headercolor]</textcolor>
							<disabledcolor>FF505050</disabledcolor>
							<animation effect="slide" start="60,0" end="60,0" time="0" ></animation>
						</control>
						<control type="textbox">
							<left>90</left>
							<top>40</top>
							<width>550</width>
							<height>48</height>
							<font>Font_17</font>
							<textcolor>$VAR[value_headercolor]</textcolor>
							<!-- <selectedcolor>selected</selectedcolor> -->
							<align>left</align>
							<label>$INFO[ListItem.Property(Event.Description)]</label>
						</control>
						<control type="label">
							<left>500</left>
							<top>0</top>
							<width>200</width>
							<height>40</height>
							<font>Font_15</font>
							<textcolor>$VAR[value_headercolor]</textcolor>
							<!-- <selectedcolor>selected</selectedcolor> -->
							<align>right</align>
							<aligny>center</aligny>
							<label>$INFO[ListItem.Label2]</label>
						</control>
					</focusedlayout>
				</control>
				<control type="scrollbar" id="80">
					<include>ScrollBar_Vertical</include>
					<posx>900</posx>
					<posy>135</posy>
					<height>430</height>
					<onleft>570</onleft>
					<onright>9000</onright>
					<animation effect="fade" time="200">Visible</animation>
					<animation effect="fade" time="50">Hidden</animation>
					<visible allowhiddenfocus="true">Control.IsVisible(570)</visible>
				</control>
				<control type="image"><!-- Options -->
					<posx>882</posx>
					<posy>40</posy>
					<width>30</width>
					<height>481</height>
					<texture flipx="true">shadow.png</texture>
					<colordiffuse>C3FFFFFF</colordiffuse>
				</control>
				<control type="image">
					<posx>1075</posx>
					<posy>40</posy>
					<width>30</width>
					<height>481</height>
					<texture>shadow.png</texture>
					<colordiffuse>C3FFFFFF</colordiffuse>
				</control>
				<control type="image">
					<posx>912</posx>
					<posy>40</posy>
					<width>163</width>
					<height>481</height>
					<texture>grey.png</texture>
					<colordiffuse>90FFFFFF</colordiffuse>
				</control>
				<control type="grouplist" id="9000">
					<posx>912</posx>
					<posy>245</posy>
					<control type="togglebutton" id="4"><!-- ascending / descending -->
						<posx>10</posx>
						<posy>40</posy>
						<height>41</height>
						<width>150</width>
						<label>21431</label>
						<altlabel>21430</altlabel>
						<font>Font_20</font>
						<!-- <texturenofocus>topmenu_button_nofocus.png</texturenofocus> -->
						<texturefocus>topmenu_button_focus.png</texturefocus>
						<!-- <alttexturenofocus>topmenu_button_nofocus.png</alttexturenofocus> -->
						<alttexturefocus>topmenu_button_focus.png</alttexturefocus>
						<textcolor>E4101010</textcolor>
						<focusedcolor>FFFFFAF0</focusedcolor>
						<disabledcolor>FF505050</disabledcolor>
						<pulseonselect>false</pulseonselect>
						<textoffsetx>10</textoffsetx>
						<align>left</align>
						<include>Animation_Fade</include>
						<onright>570</onright>
						<onleft>570</onleft>
						<onup>20</onup>
						<ondown>22</ondown>
					</control>
					<control type="radiobutton" id="22"><!-- Show (only) current level -->
						<posx>0</posx>
						<posy>0</posy>
						<height>41</height>
						<align>left</align>
						<aligny>center</aligny>
						<textcolor>E4101010</textcolor>
						<focusedcolor>FFFFFAF0</focusedcolor>
						<disabledcolor>FF505050</disabledcolor>
						<textoffsetx>10</textoffsetx>
						<!-- <texturenofocus>topmenu_button_nofocus.png</texturenofocus> -->
						<texturefocus>topmenu_button_focus.png</texturefocus>
						<!-- <alttexturenofocus>topmenu_button_nofocus.png</alttexturenofocus> -->
						<alttexturefocus>topmenu_button_focus.png</alttexturefocus>
						<pulseonselect>false</pulseonselect>
						<radioheight>30</radioheight>
						<textureradiofocus>radiobutton_on.png</textureradiofocus>
						<textureradionofocus>radiobutton.png</textureradionofocus>
						<include>Animation_Fade</include>
						<colordiffuse>FFFFFAF0</colordiffuse>
						<left>10</left>
						<top>100</top>
						<width>160</width>
						<font>Font_20</font>
						<radioposx>110</radioposx>
						<textwidth>115</textwidth>
						<label>-</label>
						<onleft>570</onleft>
						<onright>570</onright>
						<onup>4</onup>
						<ondown>21</ondown>
					</control>
					<control type="button" id="21"><!-- Level -->
						<include>SettingsDialogButton</include>
						<left>10</left>
						<top>140</top>
						<width>150</width>
						<font>Font_20</font>
						<label>-</label>
						<onleft>570</onleft>
					</control>
					<control type="button" id="20"><!-- Clear -->
						<include>SettingsDialogButton</include>
						<left>10</left>
						<top>190</top>
						<width>150</width>
						<font>Font_20</font>
						<label>192</label>
						<onleft>570</onleft>
					</control>
				</control>
				<control type="image">
					<posx>904</posx>
					<posy>40</posy>
					<width>171</width>
					<height>481</height>
					<texture flipx="true">menu_glass.png</texture>
					<colordiffuse>70FFFAF0</colordiffuse>
				</control>
			</control>
		</control>
	</controls>
</window>