<?xml version="1.0" encoding="UTF-8" standalone="yes"?>
<!-- Aeon MQ 5 Helix 6.1.0/6.1.2 /6.1.3/6.1.8 -->
<!-- Isengard 7.1.11 -->
<!-- Jarvis 8.1.13 -->

<window id="0">
	<defaultcontrol always="true">9000</defaultcontrol>
	<!-- <allowoverlay>no</allowoverlay> -->
	<include condition="!Skin.HasSetting(fix3)">Quickfix</include>
	<onload condition="!StringCompare(skin.string(defaultsettings),2)">SetFocus(900)</onload>
	<onload condition="Player.HasAudio + System.HasAddon(script.artistslideshow)">RunScript(script.artistslideshow)</onload>
	<onload condition="System.HasAddon(script.favourites) + ![IsEmpty(skin.string(favouriteswidget)) | Skin.HasSetting(nofavouriteswidget)]">RunScript(script.favourites)</onload>
	<onload condition="Skin.HasSetting(rcbgames)">RunScript(script.games.rom.collection.browser,limit=12)</onload>
	<onload condition="Skin.HasSetting(rcbgames)">Skin.Reset(rcbgames)</onload>
	<onload>Skin.Reset(playlists)</onload>
	<onunload condition="SubString(Container(9000).ListItem.Property(id),vpl) | SubString(Container(9000).ListItem.Property(id),apl)">Skin.SetString(playlists,$INFO[Container(9000).ListItem.Property(id)])</onunload>
	<include condition="System.HasAddon(script.randomandlastitems) + [SubString(skin.string(menu1.master),vpl) + !Skin.HasSetting(novpl1widget) | SubString(skin.string(menu2.master),vpl) + !Skin.HasSetting(novpl2widget) | SubString(skin.string(menu3.master),vpl) + !Skin.HasSetting(novpl3widget) | SubString(skin.string(menu4.master),vpl) + !Skin.HasSetting(novpl4widget) | SubString(skin.string(menu5.master),vpl) + !Skin.HasSetting(novpl5widget) | SubString(skin.string(menu6.master),vpl) + !Skin.HasSetting(novpl6widget) | SubString(skin.string(menu7.master),vpl) + !Skin.HasSetting(novpl7widget) | SubString(skin.string(menu8.master),vpl) + !Skin.HasSetting(novpl8widget) | SubString(skin.string(menu9.master),vpl) + !Skin.HasSetting(novpl9widget) | SubString(skin.string(menu10.master),vpl) + !Skin.HasSetting(novpl10widget) | ubString(skin.string(menu11.master),vpl) + !Skin.HasSetting(novpl11widget) | SubString(skin.string(menu12.master),vpl) + !Skin.HasSetting(novpl12widget) | SubString(skin.string(menu13.master),vpl) + !Skin.HasSetting(novpl13widget) | SubString(skin.string(menu14.master),vpl) + !Skin.HasSetting(novpl14widget) | SubString(skin.string(menu15.master),vpl) + !Skin.HasSetting(novpl15widget) | SubString(skin.string(menu16.master),vpl) + !Skin.HasSetting(novpl16widget) | SubString(skin.string(menu17.master),vpl) + !Skin.HasSetting(novpl17widget) | SubString(skin.string(menu18.master),vpl) + !Skin.HasSetting(novpl18widget) | SubString(skin.string(menu19.master),vpl) + !Skin.HasSetting(novpl19widget) | SubString(skin.string(menu20.master),vpl) + !Skin.HasSetting(novpl20widget) | SubString(skin.string(menu1.master),apl) + !Skin.HasSetting(noapl1widget) | SubString(skin.string(menu2.master),apl) + !Skin.HasSetting(noapl2widget) | SubString(skin.string(menu3.master),apl) + !Skin.HasSetting(noapl3widget) | SubString(skin.string(menu4.master),apl) + !Skin.HasSetting(noapl4widget) | SubString(skin.string(menu5.master),apl) + !Skin.HasSetting(noapl5widget) | SubString(skin.string(menu6.master),apl) + !Skin.HasSetting(noapl6widget) | SubString(skin.string(menu7.master),apl) + !Skin.HasSetting(noapl7widget) | SubString(skin.string(menu8.master),apl) + !Skin.HasSetting(noapl8widget) | SubString(skin.string(menu9.master),apl) + !Skin.HasSetting(noapl9widget) | SubString(skin.string(menu10.master),apl) + !Skin.HasSetting(noapl10widget) | ubString(skin.string(menu11.master),apl) + !Skin.HasSetting(noapl11widget) | SubString(skin.string(menu12.master),apl) + !Skin.HasSetting(noapl12widget) | SubString(skin.string(menu13.master),apl) + !Skin.HasSetting(noapl13widget) | SubString(skin.string(menu14.master),apl) + !Skin.HasSetting(noapl14widget) | SubString(skin.string(menu15.master),apl) + !Skin.HasSetting(noapl15widget) | SubString(skin.string(menu16.master),apl) + !Skin.HasSetting(noapl16widget) | SubString(skin.string(menu17.master),apl) + !Skin.HasSetting(noapl17widget) | SubString(skin.string(menu18.master),apl) + !Skin.HasSetting(noapl18widget) | SubString(skin.string(menu19.master),apl) + !Skin.HasSetting(noapl19widget) | SubString(skin.string(menu20.master),apl) + !Skin.HasSetting(noapl20widget)]">Playlists</include>
	<controls>
		<control type="button" id="8000">
			<include>InvisibleButton</include>
			<onleft>SetFocus(9000)</onleft>
			<onright>SetFocus(9000)</onright>
			<onup>SetFocus(9000)</onup>
			<ondown>SetFocus(9000)</ondown>
			<onclick>SetFocus(9000)</onclick>
			<onfocus>$INFO[Skin.String(submenu_action)]</onfocus>
		</control>
		<control type="multiimage" id="5044"><!-- Extra Fanart Artist -->
			<include>InvisibleButton</include>
			<imagepath background="true">$INFO[Skin.String(CustomMusicLogoPath)]$INFO[MusicPlayer.Artist,,/extrafanart/]</imagepath>
		</control>
		<control type="multiimage" id="5045"><!-- Extra Fanart -->
			<include>InvisibleButton</include>
			<imagepath background="true">$INFO[Player.FolderPath]extrafanart/</imagepath>
		</control>
		<control type="multiimage" id="5046"><!-- Extra Fanart -->
			<include>InvisibleButton</include>
			<imagepath background="true">$INFO[Player.FolderPath,,../extrafanart/]</imagepath>
		</control>
		<control type="multiimage">
			<include>HomeBG</include>
			<imagepath background="true">$VAR[value_menubg]</imagepath>
		</control>
		<control type="multiimage">
			<include>HomeBG</include>
			<include>Animation_Fade</include>
			<imagepath background="true">$VAR[value_videoplayerfanart]</imagepath>
			<visible>Player.HasVideo + System.IdleTime(8)</visible>
		</control>
		<control type="image" id="5043"><!-- Audio Fanart -->
			<include>HomeBG</include>
			<include>Animation_Fade</include>
			<texture background="true">$INFO[MusicPlayer.Property(fanart_image)]</texture>
			<visible>Player.HasAudio + System.IdleTime(8) + IsEmpty(Control.GetLabel(5044))</visible>
		</control>
		<control type="multiimage">
			<include>HomeBG</include>
			<include>Animation_Fade</include>
			<imagepath background="true">$INFO[Skin.String(CustomMusicLogoPath)]$INFO[MusicPlayer.Artist,,/extrafanart/]</imagepath>
			<visible>Player.HasAudio + System.IdleTime(8) + !IsEmpty(Control.GetLabel(5044))</visible>
		</control>
		<control type="multiimage">
			<include>HomeBG</include>
			<include>Animation_Fade</include>
			<imagepath background="true">$INFO[Container(510).ListItem.Property(Fanart)]</imagepath>
			<visible>Control.HasFocus(510) + !IsEmpty(Container(510).ListItem.Property(Fanart))</visible>
		</control>
		<include>LiveBG</include>
		<control type="group"><!-- default group -->
			<include>Animation_Window</include>
			<include condition="system.getbool(lookandfeel.enablerssfeeds)">HomeRSS</include>

			<control type="group" id="605"><!-- Arte de disco -->
				<animation effect="slide" start="-500,0" end="0,0" time="1000" delay="3000" tween="cubic" easing="inout">WindowOpen</animation>
				<animation effect="slide" start="-500,0" end="0,0" time="1000" delay="3000" tween="cubic" easing="inout">Visible</animation>
				<animation effect="slide" start="0,0" end="-500,0" time="400" tween="cubic" easing="inout">WindowClose</animation>
				<animation effect="slide" start="0,0" end="-500,0" time="400" tween="cubic" easing="inout">Hidden</animation>
				<visible>Player.HasMedia + ![Skin.HasSetting(nohomecdart) | Skin.HasSetting(submode) | Control.IsVisible(606)]</visible>
				<control type="image">
					<posx>60</posx>
					<posy>694</posy>
					<width>450</width>
					<height>26</height>
					<texture flipy="true">widgets_panel.png</texture>
					<colordiffuse>$VAR[value_texturecolor]</colordiffuse>
					<include>Animation_HomeGlass</include>
				</control>
				<control type="image">
					<posx>90</posx>
					<posy>697</posy>
					<width>15</width>
					<height>20</height>
					<texture>arrow_settings.png</texture>
					<include>Animation_HomeGlass</include>
				</control>
				<control type="label">
					<posx>113</posx>
					<posy>697</posy>
					<width>370</width>
					<height>20</height>
					<align>left</align>
					<aligny>center</aligny>
					<font>Font_18A</font>
					<textcolor>FFFFFAF0</textcolor>
					<label>[COLOR=$VAR[value_headercolor]]$VAR[value_playertitle][/COLOR]$INFO[MusicPlayer.Artist,[COLOR=50FFFAF0] | [/COLOR]]</label>
					<scroll>true</scroll>
				</control>
				<control type="image">
					<include>Animation_CDart</include>
					<posx>-85</posx>
					<posy>635</posy>
					<width>170</width>
					<height>170</height>
					<texture diffuse="cdart_diffuse.png" background="true">$VAR[value_audiodisc]</texture>
					<aspectratio align="center" aligny="center">keep</aspectratio>
					<visible>Player.HasAudio</visible>
				</control>
				<control type="image">
					<include>Animation_CDart</include>
					<posx>-85</posx>
					<posy>635</posy>
					<width>170</width>
					<height>170</height>
					<texture diffuse="cdart_diffuse.png" background="true">$INFO[Player.FolderPath]cdart.png</texture>
					<aspectratio align="center" aligny="center">keep</aspectratio>
					<visible>Player.HasAudio</visible>
				</control>
				<control type="image">
					<include>Animation_CDart</include>
					<posx>-85</posx>
					<posy>635</posy>
					<width>170</width>
					<height>170</height>
					<texture diffuse="cdart_diffuse.png" background="true">$VAR[value_videodisc]</texture>
					<aspectratio scalediffuse="false" align="center" aligny="center">scale</aspectratio>
					<visible>Player.HasVideo</visible>
				</control>
			</control>

			<control type="group" id="606"><!-- Lembrete (reminder) PVR-->
				<animation effect="slide" start="-500,0" end="0,0" time="1000" delay="3000" tween="cubic" easing="inout">WindowOpen</animation>
				<animation effect="slide" start="-500,0" end="0,0" time="1000" delay="3000" tween="cubic" easing="inout">Visible</animation>
				<animation effect="slide" start="0,0" end="-500,0" time="400" tween="cubic" easing="inout">WindowClose</animation>
				<animation effect="slide" start="0,0" end="-500,0" time="400" tween="cubic" easing="inout">Hidden</animation>
				<visible>[StringCompare(Container(9000).ListItem.Property(id),livetv) |  StringCompare(Container(9000).ListItem.Property(id),livetvepg) |  StringCompare(Container(9000).ListItem.Property(id),livetvrecords)] + !Skin.HasSetting(submode) + [PVR.IsRecording | PVR.HasNonRecordingTimer]</visible>
				<control type="image">
					<posx>0</posx>
					<posy>630</posy>
					<width>450</width>
					<height>90</height>
					<texture flipx="true">shadow_mask_v.png</texture>
					<colordiffuse>E4101010</colordiffuse>
				</control>
				<control type="image">
					<posx>96</posx>
					<posy>635</posy>
					<width>15</width>
					<height>15</height>
					<aspectratio>keep</aspectratio>
					<texture>pvr_hastimer.png</texture>
					<visible>PVR.HasNonRecordingTimer + !PVR.IsRecording</visible>
				</control>
				<control type="image">
					<posx>96</posx>
					<posy>635</posy>
					<width>20</width>
					<height>15</height>
					<aspectratio>keep</aspectratio>
					<texture>pvr_isrecording.png</texture>
					<visible>PVR.IsRecording</visible>
				</control>
				<control type="label">
					<posx>95</posx>
					<posy>631</posy>
					<width>370</width>
					<height>90</height>
					<align>left</align>
					<aligny>top</aligny>
					<font>Font_18A</font>
					<textcolor>FFFFFAF0</textcolor>
					<label>$VAR[value_pvrstatushome]</label>
					<scroll>true</scroll>
				</control>
				<control type="image">
					<posx>6</posx>
					<posy>635</posy>
					<width>80</width>
					<height>80</height>
					<aligny>center</aligny>
					<texture fallback="DefaultVideoCover.png" background="true">$VAR[value_pvrcurrenticon]</texture>
					<bordertexture border="-7">musicframe.png</bordertexture>
					<aspectratio align="left" aligny="bottom">keep</aspectratio>
				</control>
			</control>

			<control type="group" id="604"><!-- Tocando agora (now playing) -->
				<posy>-50</posy>
				<include condition="![Skin.HasSetting(higherwidgets) | Skin.HasSetting(highermainmenu)]">Animation_HomeNowPlaying</include>
				<include condition="Skin.HasSetting(higherwidgets) | Skin.HasSetting(highermainmenu)">Animation_Widgets</include>
				<animation effect="slide" start="0,0" end="0,220" condition="Skin.HasSetting(higherwidgets) + !Skin.HasSetting(highermainmenu)">Conditional</animation>	
				<animation effect="slide" start="0,0" end="0,385" condition="Skin.HasSetting(highermainmenu)">Conditional</animation>
				<visible>Player.HasMedia + ![Control.HasFocus(510) | Control.HasFocus(5100) | StringCompare(Container(9000).ListItem.Property(id),weather) + !Skin.HasSetting(noweatherwidget) | StringCompare(Container(9000).ListItem.Property(id),settings) + !Skin.HasSetting(nosystemwidget) | Skin.HasSetting(nonowplayingpanel) | Skin.HasSetting(highermainmenu) + Skin.HasSetting(submode)]</visible>
				<control type="image">
					<posx>0</posx>
					<posy>385</posy>
					<width>1280</width>
					<height>30</height>
					<texture flipy="true">shadow_h.png</texture>
					<colordiffuse>C3FFFFFF</colordiffuse>
					<visible>![Skin.HasSetting(higherwidgets) | Skin.HasSetting(highermainmenu)]</visible>
				</control>
				<control type="image"><!-- Fundo -->
					<posx>0</posx>
					<posy>20</posy>
					<width>1280</width>
					<height>400</height>
					<texture>details_back.png</texture>
					<colordiffuse>$VAR[value_texturecolor]</colordiffuse>
					<include>Animation_HomeGlass2</include>
					<visible>![Skin.HasSetting(higherwidgets) | Skin.HasSetting(highermainmenu)]</visible>
				</control>
				<control type="image"><!-- Fundo -->
					<posx>0</posx>
					<posy>20</posy>
					<width>1280</width>
					<height>380</height>
					<texture>details_back.png</texture>
					<colordiffuse>$VAR[value_texturecolor]</colordiffuse>
					<include>Animation_HomeGlass2</include>
					<visible>Skin.HasSetting(higherwidgets) | Skin.HasSetting(highermainmenu)</visible>
				</control>
				<control type="image"><!-- Thumb audio -->
					<posx>40</posx>
					<posy>90</posy>
					<width>250</width>
					<height>250</height>
					<aspectratio align="left" aligny="center">keep</aspectratio>
					<texture fallback="DefaultAudioCover.png" background="true">$INFO[Container(603).ListItem.Icon]</texture>
					<bordertexture border="-35">musicframe.png</bordertexture>
					<fadetime>FanartCrossFadeTime</fadetime>
					<visible>Control.HasFocus(603)</visible>
				</control>
				<control type="image"><!-- Fundo borda -->
					<posx>20</posx>
					<posy>80</posy>
					<width>475</width>
					<height>278</height>
					<texture>fanartframe.png</texture>
					<visible>Player.HasAudio + !Control.HasFocus(603) | Player.HasVideo</visible>
				</control>
				<control type="multiimage">
					<posx>35</posx>
					<posy>94</posy>
					<width>444</width>
					<height>250</height>
					<timeperimage>5000</timeperimage>
					<randomize>true</randomize>
					<aspectratio>keep</aspectratio>
					<imagepath fallback="DefaultExtraThumbs.png" background="true">$VAR[value_playerthumb]</imagepath>
					<fadetime>FanartCrossFadeTime</fadetime>
					<visible>Player.HasAudio + !Control.HasFocus(603)</visible>
				</control>
				<control type="image"><!-- Logo -->
					<posx>50</posx>
					<posy>100</posy>
					<width>110</width>
					<height>60</height>
					<aspectratio align="left" aligny="top">keep</aspectratio>
					<texture background="true">$INFO[Skin.String(CustomMusicLogoPath)]$INFO[MusicPlayer.Artist,,/logo.png]</texture>
					<fadetime>FanartCrossFadeTime</fadetime>
					<visible>Player.HasAudio</visible>
				</control>
				<control type="videowindow" id="8">
					<posx>35</posx>
					<posy>94</posy>
					<width>444</width>
					<height>250</height>
					<aspectratio>stretch</aspectratio>
					<animation effect="slide" start="0,0" end="-2000,0" time="0">WindowClose</animation>
				</control>
				<control type="group">
					<posx>500</posx>
					<animation effect="slide" start="0,0" end="-195,0" time="50" easing="inout" tween="sine" condition="Control.HasFocus(603)">Conditional</animation>
					<control type="label"><!-- Palavra tocando agora -->
						<posx>0</posx>
						<posy>85</posy>
						<width>300</width>
						<height>30</height>
						<align>left</align>
						<font>Font_18A</font>
						<textcolor>$VAR[value_headercolor]</textcolor>
						<label>[UPPERCASE]$VAR[value_playerheader][/UPPERCASE]</label>
						<scroll>true</scroll>
					</control>
					<control type="label"><!-- Titulo -->
						<posx>0</posx>
						<posy>115</posy>
						<width>350</width>
						<height>30</height>
						<align>left</align>
						<font>Font_20A</font>
						<textcolor>$VAR[value_headercolor]</textcolor>
						<label>$VAR[value_playertitle]</label>
						<scroll>true</scroll>
						<visible>![IsEmpty(MusicPlayer.offset(1).Artist) | Skin.HasSetting(nonexttracks) | Control.HasFocus(603)] + Player.HasAudio</visible>
					</control>
					<control type="label"><!-- Titulo -->
						<posx>0</posx>
						<posy>115</posy>
						<width>550</width>
						<height>30</height>
						<align>left</align>
						<font>Font_20A</font>
						<textcolor>$VAR[value_headercolor]</textcolor>
						<label>$VAR[value_playertitle]</label>
						<scroll>true</scroll>
						<visible>[IsEmpty(MusicPlayer.offset(1).Artist) | Skin.HasSetting(nonexttracks)] + Player.HasAudio | Player.HasVideo | Control.HasFocus(603)</visible>
					</control>
					<control type="label"><!-- Subtitulo -->
						<posx>0</posx>
						<posy>145</posy>
						<width>350</width>
						<height>20</height>
						<align>left</align>
						<font>Font_18A</font>
						<textcolor>FFFFFAF0</textcolor>
						<label>$VAR[value_playersubtitle]</label>
						<scroll>true</scroll>
						<visible>![IsEmpty(MusicPlayer.offset(1).Artist) | Skin.HasSetting(nonexttracks) | Control.HasFocus(603)] + Player.HasAudio</visible>
					</control>
					<control type="label"><!-- Subtitulo -->
						<posx>0</posx>
						<posy>145</posy>
						<width>550</width>
						<height>20</height>
						<align>left</align>
						<font>Font_18A</font>
						<textcolor>FFFFFAF0</textcolor>
						<label>$VAR[value_playersubtitle]</label>
						<scroll>true</scroll>
						<visible>[IsEmpty(MusicPlayer.offset(1).Artist) | Skin.HasSetting(nonexttracks)] + Player.HasAudio | Player.HasVideo | Control.HasFocus(603)</visible>
					</control>
					<control type="label"><!-- Detalhes da faixa em reproducao -->
						<posx>0</posx>
						<posy>175</posy>
						<width>350</width>
						<height>100</height>
						<align>left</align>
						<font>Font_18A</font>
						<textcolor>FFFFFAF0</textcolor>
						<label>$INFO[Container(603).ListItem.Property(Details)]</label>
						<scroll>true</scroll>
						<visible>Control.HasFocus(603)</visible>
					</control>
					<control type="image">
						<posx>0</posx>
						<posy>170</posy>
						<width>350</width>
						<height>2</height>
						<align>left</align>
						<texture flipx="true">divider.png</texture>
						<visible>![IsEmpty(MusicPlayer.offset(1).Artist) | Skin.HasSetting(nonexttracks)] + Player.HasAudio</visible>
					</control>
					<control type="image">
						<posx>0</posx>
						<posy>170</posy>
						<width>550</width>
						<height>2</height>
						<align>left</align>
						<texture flipx="true">divider.png</texture>
						<visible>[IsEmpty(MusicPlayer.offset(1).Artist) | Skin.HasSetting(nonexttracks)] + Player.HasAudio | Player.HasVideo</visible>
					</control>
					<control type="textbox"><!-- Plot -->
						<posx>0</posx>
						<posy>180</posy>
						<width>350</width>
						<height>160</height>
						<label>$VAR[value_playerplot]</label>
						<textcolor>FFFFFAF0</textcolor>
						<font>Font_18A</font>
						<autoscroll delay="20000" time="3000" repeat="20000">!Skin.HasSetting(noallowscroll)</autoscroll>
						<visible>![IsEmpty(MusicPlayer.offset(1).Artist) | Skin.HasSetting(nonexttracks) | Control.HasFocus(603)] + Player.HasAudio</visible>
					</control>
					<control type="textbox"><!-- Plot -->
						<posx>0</posx>
						<posy>180</posy>
						<width>550</width>
						<height>160</height>
						<label>$VAR[value_playerplot]</label>
						<textcolor>FFFFFAF0</textcolor>
						<font>Font_18A</font>
						<autoscroll delay="20000" time="3000" repeat="20000">!Skin.HasSetting(noallowscroll)</autoscroll>
						<visible>[IsEmpty(MusicPlayer.offset(1).Artist) | Skin.HasSetting(nonexttracks)] + Player.HasAudio | Player.HasVideo</visible>
					</control>
				</control>
				<control type="group"><!-- Proximas faixas -->
					<visible>![IsEmpty(MusicPlayer.offset(1).Artist) | Skin.HasSetting(nonexttracks)] + Player.HasAudio</visible>
					<control type="label">
						<posx>870</posx>
						<posy>85</posy>
						<width>550</width>
						<height>30</height>
						<align>left</align>
						<font>Font_18A</font>
						<textcolor>$VAR[value_headercolor]</textcolor>
						<label>$LOCALIZE[31325]</label>
						<scroll>true</scroll>
						<scrollout>false</scrollout>
					</control>
					<control type="label">
						<posx>870</posx>
						<posy>115</posy>
						<width>550</width>
						<height>30</height>
						<align>left</align>
						<font>Font_18A</font>
						<textcolor>FFFFFAF0</textcolor>
						<label>$INFO[Container(603).NumItems] $LOCALIZE[31126]</label>
						<scroll>true</scroll>
						<scrollout>false</scrollout>
					</control>
					<control type="panel" id="603">
						<posx>870</posx>
						<posy>150</posy>
						<width>410</width>
						<height>210</height>
						<onup>603</onup>
						<ondown>603</ondown>
						<onleft>9000</onleft>
						<onright condition="!Skin.HasSetting(highermainmenu)">9000</onright>
						<onright condition="Skin.HasSetting(highermainmenu)">Skin.SetBool(submode)</onright>
						<onright condition="Skin.HasSetting(highermainmenu)">ActivateWindow($VAR[Sub_GoTo])</onright>
						<orientation>vertical</orientation>
						<pagecontrol>-</pagecontrol>
						<include>Animation_HomeFade</include>
						<itemlayout width="410" height="30">
							<control type="image">
								<posx>2</posx>
								<posy>2</posy>
								<width>25</width>
								<height>25</height>
								<texture fallback="DefaultAudioCover.png" diffuse="thumb_poster_diffuse.png" background="true">$INFO[ListItem.Icon]</texture>
								<aspectratio align="center">stretch</aspectratio>
							</control>
							<control type="label">
								<posx>14</posx>
								<posy>3</posy>
								<width>50</width>
								<height>18</height>
								<align>right</align>
								<font>Font_18A</font>
								<label>$INFO[ListItem.Label]</label>
								<textcolor>$VAR[value_headercolor]</textcolor>
							</control>
							<control type="label">
								<posx>64</posx>
								<posy>3</posy>
								<width>330</width>
								<height>18</height>
								<align>left</align>
								<font>Font_18A</font>
								<label>$INFO[ListItem.Label2]</label>
								<textcolor>B5FFFAF0</textcolor>
							</control>
						</itemlayout>
						<focusedlayout width="410" height="30">
							<control type="image">
								<posx>0</posx>
								<posy>1</posy>
								<width>412</width>
								<height>28</height>
								<texture>gradient_focus.png</texture>
								<colordiffuse>$VAR[value_headercolor]</colordiffuse>
							</control>
							<control type="image">
								<posx>2</posx>
								<posy>2</posy>
								<width>25</width>
								<height>25</height>
								<texture fallback="DefaultAudioCover.png" diffuse="thumb_poster_diffuse.png" background="true">$INFO[ListItem.Icon]</texture>
								<aspectratio align="center">stretch</aspectratio>
							</control>
							<control type="label">
								<posx>14</posx>
								<posy>3</posy>
								<width>50</width>
								<height>18</height>
								<align>right</align>
								<font>Font_18A</font>
								<label>$INFO[ListItem.Label]</label>
								<textcolor>$VAR[value_headercolor]</textcolor>
							</control>
							<control type="label">
								<posx>64</posx>
								<posy>3</posy>
								<width>330</width>
								<height>18</height>
								<align>left</align>
								<font>Font_18A</font>
								<label>[B]$INFO[ListItem.Label2][/B]</label>
								<textcolor>FFFFFAF0</textcolor>
							</control>
						</focusedlayout>
						<include>NextTracksContent</include>
					</control>
				</control>
			</control>

			<control type="group" id="601"><!-- Painel de detalhes -->
				<posx>0</posx>
				<posy>-300</posy>
				<include condition="![Skin.HasSetting(higherwidgets) | Skin.HasSetting(highermainmenu)]">Animation_HomePanel</include>
				<include condition="Skin.HasSetting(higherwidgets) | Skin.HasSetting(highermainmenu)">Animation_Widgets</include>
				<animation effect="slide" start="0,0" end="0,470" condition="Skin.HasSetting(higherwidgets) + !Skin.HasSetting(highermainmenu)">Conditional</animation>
				<animation effect="slide" start="0,0" end="0,640" condition="Skin.HasSetting(highermainmenu)">Conditional</animation>		
				<visible>Control.HasFocus(510) + ![StringCompare(Container(9000).ListItem.Property(id),favourites) | SubString(Container(9000).ListItem.Property(id),mymenu) | Skin.HasSetting(nodetailspanel)]</visible>
				<control type="image">
					<posx>0</posx>
					<posy>385</posy>
					<width>1280</width>
					<height>30</height>
					<texture flipy="true">shadow_h.png</texture>
					<colordiffuse>C3FFFFFF</colordiffuse>
					<visible>![Skin.HasSetting(higherwidgets) | Skin.HasSetting(highermainmenu)]</visible>
				</control>	
				<control type="image"><!-- Fundo -->
					<posx>0</posx>
					<posy>20</posy>
					<width>1280</width>
					<height>400</height>
					<texture>details_back.png</texture>
					<colordiffuse>$VAR[value_texturecolor]</colordiffuse>
					<include>Animation_HomeGlass2</include>
					<visible>![Skin.HasSetting(higherwidgets) | Skin.HasSetting(highermainmenu)]</visible>
				</control>
				<control type="image"><!-- Fundo -->
					<posx>0</posx>
					<posy>20</posy>
					<width>1280</width>
					<height>390</height>
					<texture>details_back.png</texture>
					<colordiffuse>$VAR[value_texturecolor]</colordiffuse>
					<include>Animation_HomeGlass2</include>
					<visible>Skin.HasSetting(higherwidgets) | Skin.HasSetting(highermainmenu)</visible>
				</control>
				<control type="image"><!-- Thumb video -->
					<posx>40</posx>
					<posy>90</posy>
					<width>167</width>
					<height>250</height>
					<aspectratio align="left" aligny="center">stretch</aspectratio>
					<texture fallback="DefaultVideoPoster.png" background="true">$INFO[Container(510).ListItem.Icon]</texture>
					<bordertexture border="-29">posterframe.png</bordertexture>
					<fadetime>FanartCrossFadeTime</fadetime>
					<visible>IsEmpty(Container(510).ListItem.Property(Thumbnail)) + ![StringCompare(Container(9000).ListItem.Property(id),music) | SubString(Container(9000).ListItem.Property(id),apl)]</visible>
				</control>
				<control type="image"><!-- Thumb audio -->
					<posx>40</posx>
					<posy>90</posy>
					<width>250</width>
					<height>250</height>
					<aspectratio align="left" aligny="center">scale</aspectratio>
					<texture fallback="DefaultAudioCover.png" background="true">$INFO[Container(510).ListItem.Icon]</texture>
					<bordertexture border="-29">musicframe.png</bordertexture>
					<fadetime>FanartCrossFadeTime</fadetime>
					<visible>IsEmpty(Container(510).ListItem.Property(Thumbnail)) + [StringCompare(Container(9000).ListItem.Property(id),music) | SubString(Container(9000).ListItem.Property(id),apl)]</visible>
				</control>
				<control type="group"><!-- Miniatura do episodio -->
					<control type="image">
						<posx>20</posx>
						<posy>80</posy>
						<width>475</width>
						<height>278</height>
						<texture>fanartframe.png</texture>
						<visible>!IsEmpty(Container(510).ListItem.Property(Thumbnail))</visible>
					</control>
					<control type="multiimage">
						<posx>35</posx>
						<posy>94</posy>
						<width>444</width>
						<height>250</height>
						<timeperimage>5000</timeperimage>
						<randomize>true</randomize>
						<aspectratio>stretch</aspectratio>
						<imagepath background="true">$INFO[Container(510).ListItem.Property(Thumbnail)]</imagepath>
						<fadetime>FanartCrossFadeTime</fadetime>
						<visible>!IsEmpty(Container(510).ListItem.Property(Thumbnail))</visible>
					</control>
				</control>
				<control type="group">
					<posx>240</posx>
					<animation effect="slide" end="75,0" condition="StringCompare(Container(9000).ListItem.Property(id),music) | SubString(Container(9000).ListItem.Property(id),apl)">Conditional</animation>
					<animation effect="slide" end="270,0" condition="!IsEmpty(Container(510).ListItem.Property(Thumbnail))">Conditional</animation>
					<control type="grouplist"><!-- Etiquetas -->
						<posx>0</posx>
						<posy>85</posy>
						<orientation>horizontal</orientation>
						<itemgap>3</itemgap>
						<visible>Control.HasFocus(510) | Control.HasFocus(5100)</visible>
						<control type="image"><!-- Mpaa -->
							<width>60</width>
							<height>41</height>
							<align>center</align>
							<aligny>center</aligny>
							<aspectratio>keep</aspectratio>
							<texture fallback="flags/mpaa/MPAA_NR_Certificate_US.png">$VAR[value_mfmpaa]</texture>
							<colordiffuse>FFFFFAF0</colordiffuse>
							<fadetime>FanartCrossFadeTime</fadetime>
							<visible>!IsEmpty(Container(510).ListItem.Property(Mpaa))</visible>
						</control>
						<control type="label">
							<include>HomeFlagSeparator</include>
							<visible>!IsEmpty(Container(510).ListItem.Property(Mpaa))</visible>
						</control>
						<control type="image"><!-- Codec -->
							<width>60</width>
							<height>41</height>
							<align>center</align>
							<aligny>center</aligny>
							<aspectratio>keep</aspectratio>
							<texture>$VAR[value_videocodechome]</texture>
							<colordiffuse>FFFFFAF0</colordiffuse>
							<fadetime>FanartCrossFadeTime</fadetime>
							<visible>!IsEmpty(Container(510).ListItem.Property(File))</visible>
						</control>
						<control type="label">
							<include>HomeFlagSeparator</include>
							<visible>!IsEmpty(Container(510).ListItem.Property(File))</visible>
						</control>
						<control type="image"><!-- Video Star -->
							<width>80</width>
							<height>40</height>
							<align>center</align>
							<aligny>center</aligny>
							<aspectratio>keep</aspectratio>
							<texture fallback="rating0.png">$VAR[value_mfvideostarrating]</texture>
							<colordiffuse>$VAR[value_headercolor]</colordiffuse>
							<fadetime>FanartCrossFadeTime</fadetime>
							<visible>!IsEmpty(Container(510).ListItem.Property(VideoRating))</visible>
						</control>
						<control type="image"><!-- Music Star -->
							<width>80</width>
							<height>40</height>
							<align>center</align>
							<aligny>center</aligny>
							<aspectratio>keep</aspectratio>
							<texture fallback="rating0.png">$VAR[value_mfmusicstarrating]</texture>
							<colordiffuse>$VAR[value_headercolor]</colordiffuse>
							<fadetime>FanartCrossFadeTime</fadetime>
							<visible>!IsEmpty(Container(510).ListItem.Property(MusicRating))</visible>
						</control>
						<control type="label"><!-- Video Rating -->
							<width>40</width>
							<include>HomeFlagLabel</include>
							<label>$INFO[Container(510).ListItem.Property(VideoRating)]</label>
							<scroll>true</scroll>
							<visible>!IsEmpty(Container(510).ListItem.Property(VideoRating)) + IntegerGreaterThan(Container(510).ListItem.Property(VideoRating),0)</visible>
						</control>
						<control type="label"><!-- Music Rating -->
							<width>40</width>
							<include>HomeFlagLabel</include>
							<label>$INFO[Container(510).ListItem.Property(MusicRating)]</label>
							<scroll>true</scroll>
							<visible>!IsEmpty(Container(510).ListItem.Property(MusicRating)) + IntegerGreaterThan(Container(510).ListItem.Property(MusicRating),0)</visible>
						</control>
						<control type="label">
							<include>HomeFlagSeparator</include>
							<visible>![IsEmpty(Container(510).ListItem.Property(VideoRating)) + IsEmpty(Container(510).ListItem.Property(MusicRating))]</visible>
						</control>
						<control type="label"><!-- Ano -->
							<width>100</width>
							<include>HomeFlagLabel</include>
							<label>$INFO[Container(510).ListItem.Property(Year)]</label>
							<scroll>true</scroll>
							<visible>!IsEmpty(Container(510).ListItem.Property(Year)) + IntegerGreaterThan(Container(510).ListItem.Property(Year),0)</visible>
						</control>
						<control type="label">
							<include>HomeFlagSeparator</include>
							<visible>!IsEmpty(Container(510).ListItem.Property(Year)) + IntegerGreaterThan(Container(510).ListItem.Property(Year),0)</visible>
						</control>
						<control type="label"><!-- Studio -->
							<width>200</width>
							<include>HomeFlagLabel</include>
							<label>$INFO[Container(510).ListItem.Property(Studio)]</label>
							<scroll>true</scroll>
							<visible>!IsEmpty(Container(510).ListItem.Property(Studio))</visible>
						</control>
						<control type="label">
							<include>HomeFlagSeparator</include>
							<visible>!IsEmpty(Container(510).ListItem.Property(Studio))</visible>
						</control>
						<control type="label"><!-- Duracao -->
							<width>120</width>
							<include>HomeFlagLabel</include>
							<label>$VAR[value_runtime]</label>
							<scroll>true</scroll>
							<visible>!IsEmpty(Container(510).ListItem.Property(Runtime))</visible>
						</control>
					</control>
					<control type="image">
						<posx>0</posx>
						<posy>122</posy>
						<width>550</width>
						<height>25</height>
						<texture>gradient_focus.png</texture>
						<colordiffuse>$VAR[value_headercolor]</colordiffuse>
					</control>
					<control type="image">
						<posx>0</posx>
						<posy>120</posy>
						<width>550</width>
						<height>2</height>
						<align>left</align>
						<texture flipx="true">divider.png</texture>
					</control>
					<control type="label"><!-- Genero -->
						<posx>5</posx>
						<posy>122</posy>
						<width>550</width>
						<height>20</height>
						<align>left</align>
						<textcolor>FFFFFAF0</textcolor>
						<font>Font_18A</font>
						<label>$INFO[Container(510).ListItem.Property(Genre)]</label>
						<scroll>true</scroll>
					</control>
					<control type="image">
						<posx>0</posx>
						<posy>145</posy>
						<width>550</width>
						<height>2</height>
						<align>left</align>
						<texture flipx="true">divider.png</texture>
					</control>
					<control type="textbox"><!-- Plot video -->
						<posx>5</posx>
						<posy>150</posy>
						<width>550</width>
						<height>199</height>
						<label>$INFO[Container(510).ListItem.Property(Plot)]</label>
						<textcolor>FFFFFAF0</textcolor>
						<font>Font_18A</font>
						<autoscroll delay="20000" time="3000" repeat="20000">!Skin.HasSetting(noallowscroll)</autoscroll>
					</control>
				</control>
			</control>
			<control type="image" id="9931"><!-- widgets modo auto -->
				<include>InvisibleButton</include>
				<animation effect="fade" start="0" end="100" time="150" delay="1000" condition="SubString(skin.string(widgets_seconds),1)">Visible</animation>
				<animation effect="fade" start="0" end="100" time="150" delay="2000" condition="SubString(skin.string(widgets_seconds),2)">Visible</animation>
				<animation effect="fade" start="0" end="100" time="150" delay="3000" condition="SubString(skin.string(widgets_seconds),3)">Visible</animation>
				<animation effect="fade" start="0" end="100" time="150" delay="4000" condition="SubString(skin.string(widgets_seconds),4)">Visible</animation>
				<animation effect="fade" start="0" end="100" time="150" delay="5000" condition="SubString(skin.string(widgets_seconds),5)">Visible</animation>
				<visible>![Container(9000).OnNext | Container(9000).OnPrevious]</visible>
			</control>

			<control type="group" id="602"><!-- Widgets -->
				<animation effect="slide" start="0,0" end="0,-320" condition="Skin.HasSetting(higherwidgets) + ![Skin.HasSetting(highermainmenu) | StringCompare(Container(9000).ListItem.Property(id),settings) | StringCompare(Container(9000).ListItem.Property(id),weather)]">Conditional</animation>
				<animation effect="slide" start="0,0" end="0,-110" condition="Skin.HasSetting(higherwidgets) + Skin.HasSetting(highermainmenu) + ![StringCompare(Container(9000).ListItem.Property(id),settings) | StringCompare(Container(9000).ListItem.Property(id),weather)]">Conditional</animation>
				<animation effect="slide" start="0,0" end="0,-210" condition="Skin.HasSetting(highermainmenu) + ![StringCompare(Container(9000).ListItem.Property(id),settings) | StringCompare(Container(9000).ListItem.Property(id),weather)]">Conditional</animation>
				<animation effect="fade" start="100" end="0" time="400" easing="out" tween="sine" condition="[SubString(skin.string(widgetsmode),manual) | SubString(skin.string(widgetsmode),auto) + !Control.IsVisible(9931) | Player.HasMedia + System.IdleTime(8)] + ![Control.HasFocus(510) | Control.HasFocus(520) | Control.HasFocus(5100)]">Conditional</animation>
				<include condition="Library.HasContent(Movies) + ![IsEmpty(skin.string(movieswidget)) | Skin.HasSetting(nomovieswidget)]">mf_contentmovies</include>
				<include condition="Library.HasContent(TVShows) + ![IsEmpty(skin.string(tvshowswidget)) | Skin.HasSetting(notvshowswidget)]">mf_contenttvshows</include>
				<include condition="Library.HasContent(MusicVideos) + ![IsEmpty(skin.string(concertswidget)) |  Skin.HasSetting(noconcertswidget)]">mf_contentconcerts</include>	
				<include condition="Library.HasContent(Music) + ![IsEmpty(skin.string(musicwidget)) | Skin.HasSetting(nomusicwidget)]">mf_contentmusic</include>
				<include condition="System.HasAddon(script.favourites) + ![IsEmpty(skin.string(favouriteswidget)) | Skin.HasSetting(nofavouriteswidget)]">mf_contentfavourites</include>
				<include condition="!IsEmpty(skin.string(mymenu1widget))">mf_contentmymenu1</include>
				<include condition="!IsEmpty(skin.string(mymenu2widget))">mf_contentmymenu2</include>
				<include condition="System.HasAddon(script.randomandlastitems) + SubString(skin.string(menu1.master),vpl) + !Skin.HasSetting(novpl1widget)">mf_contentvpl1</include>
				<include condition="System.HasAddon(script.randomandlastitems) + SubString(skin.string(menu2.master),vpl) + !Skin.HasSetting(novpl2widget)">mf_contentvpl2</include>
				<include condition="System.HasAddon(script.randomandlastitems) + SubString(skin.string(menu3.master),vpl) + !Skin.HasSetting(novpl3widget)">mf_contentvpl3</include>
				<include condition="System.HasAddon(script.randomandlastitems) + SubString(skin.string(menu4.master),vpl) + !Skin.HasSetting(novpl4widget)">mf_contentvpl4</include>
				<include condition="System.HasAddon(script.randomandlastitems) + SubString(skin.string(menu5.master),vpl) + !Skin.HasSetting(novpl5widget)">mf_contentvpl5</include>
				<include condition="System.HasAddon(script.randomandlastitems) + SubString(skin.string(menu6.master),vpl) + !Skin.HasSetting(novpl6widget)">mf_contentvpl6</include>
				<include condition="System.HasAddon(script.randomandlastitems) + SubString(skin.string(menu7.master),vpl) + !Skin.HasSetting(novpl7widget)">mf_contentvpl7</include>
				<include condition="System.HasAddon(script.randomandlastitems) + SubString(skin.string(menu8.master),vpl) + !Skin.HasSetting(novpl8widget)">mf_contentvpl8</include>
				<include condition="System.HasAddon(script.randomandlastitems) + SubString(skin.string(menu9.master),vpl) + !Skin.HasSetting(novpl9widget)">mf_contentvpl9</include>
				<include condition="System.HasAddon(script.randomandlastitems) + SubString(skin.string(menu10.master),vpl) + !Skin.HasSetting(novpl10widget)">mf_contentvpl10</include>
				<include condition="System.HasAddon(script.randomandlastitems) + SubString(skin.string(menu11.master),vpl) + !Skin.HasSetting(novpl11widget)">mf_contentvpl11</include>
				<include condition="System.HasAddon(script.randomandlastitems) + SubString(skin.string(menu12.master),vpl) + !Skin.HasSetting(novpl12widget)">mf_contentvpl12</include>
				<include condition="System.HasAddon(script.randomandlastitems) + SubString(skin.string(menu13.master),vpl) + !Skin.HasSetting(novpl13widget)">mf_contentvpl13</include>
				<include condition="System.HasAddon(script.randomandlastitems) + SubString(skin.string(menu14.master),vpl) + !Skin.HasSetting(novpl14widget)">mf_contentvpl14</include>
				<include condition="System.HasAddon(script.randomandlastitems) + SubString(skin.string(menu15.master),vpl) + !Skin.HasSetting(novpl15widget)">mf_contentvpl15</include>
				<include condition="System.HasAddon(script.randomandlastitems) + SubString(skin.string(menu16.master),vpl) + !Skin.HasSetting(novpl16widget)">mf_contentvpl16</include>
				<include condition="System.HasAddon(script.randomandlastitems) + SubString(skin.string(menu17.master),vpl) + !Skin.HasSetting(novpl17widget)">mf_contentvpl17</include>
				<include condition="System.HasAddon(script.randomandlastitems) + SubString(skin.string(menu18.master),vpl) + !Skin.HasSetting(novpl18widget)">mf_contentvpl18</include>
				<include condition="System.HasAddon(script.randomandlastitems) + SubString(skin.string(menu19.master),vpl) + !Skin.HasSetting(novpl19widget)">mf_contentvpl19</include>
				<include condition="System.HasAddon(script.randomandlastitems) + SubString(skin.string(menu20.master),vpl) + !Skin.HasSetting(novpl20widget)">mf_contentvpl20</include>
				<include condition="System.HasAddon(script.randomandlastitems) + SubString(skin.string(menu1.master),apl) + !Skin.HasSetting(noapl1widget)">mf_contentapl1</include>
				<include condition="System.HasAddon(script.randomandlastitems) + SubString(skin.string(menu2.master),apl) + !Skin.HasSetting(noapl2widget)">mf_contentapl2</include>
				<include condition="System.HasAddon(script.randomandlastitems) + SubString(skin.string(menu3.master),apl) + !Skin.HasSetting(noapl3widget)">mf_contentapl3</include>
				<include condition="System.HasAddon(script.randomandlastitems) + SubString(skin.string(menu4.master),apl) + !Skin.HasSetting(noapl4widget)">mf_contentapl4</include>
				<include condition="System.HasAddon(script.randomandlastitems) + SubString(skin.string(menu5.master),apl) + !Skin.HasSetting(noapl5widget)">mf_contentapl5</include>
				<include condition="System.HasAddon(script.randomandlastitems) + SubString(skin.string(menu6.master),apl) + !Skin.HasSetting(noapl6widget)">mf_contentapl6</include>
				<include condition="System.HasAddon(script.randomandlastitems) + SubString(skin.string(menu7.master),apl) + !Skin.HasSetting(noapl7widget)">mf_contentapl7</include>
				<include condition="System.HasAddon(script.randomandlastitems) + SubString(skin.string(menu8.master),apl) + !Skin.HasSetting(noapl8widget)">mf_contentapl8</include>
				<include condition="System.HasAddon(script.randomandlastitems) + SubString(skin.string(menu9.master),apl) + !Skin.HasSetting(noapl9widget)">mf_contentapl9</include>
				<include condition="System.HasAddon(script.randomandlastitems) + SubString(skin.string(menu10.master),apl) + !Skin.HasSetting(noapl10widget)">mf_contentapl10</include>
				<include condition="System.HasAddon(script.randomandlastitems) + SubString(skin.string(menu11.master),apl) + !Skin.HasSetting(noapl11widget)">mf_contentapl11</include>
				<include condition="System.HasAddon(script.randomandlastitems) + SubString(skin.string(menu12.master),apl) + !Skin.HasSetting(noapl12widget)">mf_contentapl12</include>
				<include condition="System.HasAddon(script.randomandlastitems) + SubString(skin.string(menu13.master),apl) + !Skin.HasSetting(noapl13widget)">mf_contentapl13</include>
				<include condition="System.HasAddon(script.randomandlastitems) + SubString(skin.string(menu14.master),apl) + !Skin.HasSetting(noapl14widget)">mf_contentapl14</include>
				<include condition="System.HasAddon(script.randomandlastitems) + SubString(skin.string(menu15.master),apl) + !Skin.HasSetting(noapl15widget)">mf_contentapl15</include>
				<include condition="System.HasAddon(script.randomandlastitems) + SubString(skin.string(menu16.master),apl) + !Skin.HasSetting(noapl16widget)">mf_contentapl16</include>
				<include condition="System.HasAddon(script.randomandlastitems) + SubString(skin.string(menu17.master),apl) + !Skin.HasSetting(noapl17widget)">mf_contentapl17</include>
				<include condition="System.HasAddon(script.randomandlastitems) + SubString(skin.string(menu18.master),apl) + !Skin.HasSetting(noapl18widget)">mf_contentapl18</include>
				<include condition="System.HasAddon(script.randomandlastitems) + SubString(skin.string(menu19.master),apl) + !Skin.HasSetting(noapl19widget)">mf_contentapl19</include>
				<include condition="System.HasAddon(script.randomandlastitems) + SubString(skin.string(menu20.master),apl) + !Skin.HasSetting(noapl20widget)">mf_contentapl20</include>
				<include condition="System.HasAddon(script.games.rom.collection.browser) + ![IsEmpty(skin.string(gameswidget)) | Skin.HasSetting(nogameswidget)]">mf_contentgames</include>
				<include condition="![IsEmpty(skin.string(livetvwidget)) | Skin.HasSetting(nonextairedwidget)]">mf_contentnextaired</include>
				<include condition="!Skin.HasSetting(nosystemwidget)">mf_contentsystem</include>
				<include condition="![IsEmpty(skin.string(weatherwidget)) | Skin.HasSetting(noweatherwidget)]">mf_weather</include>	
			</control>	

			<control type="group"><!-- Status da biblioteca -->	
				<animation effect="slide" start="-500,0" end="0,0" time="500" delay="2000" tween="sine" easing="out" condition="Window.Previous(Startup)">WindowOpen</animation>
				<animation effect="slide" start="-500,0" end="0,0" time="500" delay="1000" tween="sine" easing="out" condition="!Window.Previous(Startup)">WindowOpen</animation>
				<animation effect="slide" start="-500,0" end="0,0" time="500" delay="500" tween="sine" easing="out">Visible</animation>
				<animation effect="slide" start="0,0" end="-500,0" time="500" tween="sine" easing="out">Hidden</animation>
				<animation effect="slide" start="0,0" end="0,-605" condition="Skin.HasSetting(highertotals) + !Skin.HasSetting(highermainmenu)">Conditional</animation>
				<animation effect="slide" start="0,0" end="0,-395" condition="Skin.HasSetting(highertotals) + Skin.HasSetting(highermainmenu)">Conditional</animation>
				<animation effect="slide" start="0,0" end="0,-210" condition="Skin.HasSetting(highermainmenu)">Conditional</animation>
				<visible>[StringCompare(Container(9000).ListItem.Property(id),movies) + Library.HasContent(Movies) | StringCompare(Container(9000).ListItem.Property(id),tvshows) + Library.HasContent(TVShows) | StringCompare(Container(9000).ListItem.Property(id),concerts) + Library.HasContent(MusicVideos) | StringCompare(Container(9000).ListItem.Property(id),music) + Library.HasContent(Music) | StringCompare(Container(9000).ListItem.Property(id),favourites) + !IsEmpty(Window(0).Property(Favourite.1.Name)) | SubString(Container(9000).ListItem.Property(id),vpl) | SubString(Container(9000).ListItem.Property(id),apl)] + ![Player.HasMedia + System.IdleTime(8) | Skin.HasSetting(nohometotals) | Control.HasFocus(510) | Skin.HasSetting(highertotals) + [Window.IsVisible(104) | Window.IsVisible(107) | Library.IsScanningVideo | Library.IsScanningMusic | Window.IsVisible(614)]]</visible>
				<control type="image">
					<posx>0</posx>
					<posy>605</posy>
					<width>500</width>
					<height>26</height>
					<texture>widgets_panel.png</texture>
					<colordiffuse>$VAR[value_texturecolor]</colordiffuse>
					<include>Animation_HomeGlass</include>
				</control>
				<control type="label">
					<posx>470</posx>
					<posy>608</posy>
					<width>450</width>
					<height>20</height>
					<align>right</align>
					<aligny>center</aligny>
					<font>Font_18A</font>
					<textcolor>FFFFFAF0</textcolor>
					<label>$VAR[value_librarystatus]</label>
					<animation effect="fade" start="100" end="90" time="0" condition="!Control.Hasfocus(9000)">conditional</animation>
					<scroll>true</scroll>
				</control>
			</control>

			<control type="group"><!-- Data e clima -->
				<visible>![Skin.HasSetting(nohometime) | Skin.HasSetting(highertime) + [Window.IsVisible(104) | Window.IsVisible(107) | Library.IsScanningVideo | Library.IsScanningMusic | Window.IsVisible(614)]]</visible>
				<animation effect="slide" start="1280,0" end="0,0" time="500" delay="1000" tween="sine" easing="out">WindowOpen</animation>
				<animation effect="slide" start="0,0" end="0,-605" condition="Skin.HasSetting(highertime) + !Skin.HasSetting(highermainmenu)">Conditional</animation>
				<animation effect="slide" start="0,0" end="0,-395" condition="Skin.HasSetting(highertime) + Skin.HasSetting(highermainmenu)">Conditional</animation>
				<animation effect="slide" start="0,0" end="0,-210" condition="Skin.HasSetting(highermainmenu)">Conditional</animation>
				<control type="image">
					<posx>780</posx>
					<posy>605</posy>
					<width>500</width>
					<height>26</height>
					<texture flipx="true">widgets_panel.png</texture>
					<colordiffuse>$VAR[value_texturecolor]</colordiffuse>
					<include>Animation_HomeGlass</include>
				</control>
				<control type="image">
					<posx>810</posx>
					<posy>586</posy>
					<width>63</width>
					<height>63</height>
					<aspectratio align="left" aligny="top">keep</aspectratio>
					<texture diffuse="weather_mask.png" background="true">$INFO[Window(Weather).Property(Current.ConditionIcon)]</texture>
				</control>
				<control type="label">
					<posx>885</posx>
					<posy>608</posy>
					<width>380</width>
					<height>20</height>
					<align>left</align>
					<aligny>center</aligny>
					<font>Font_18A</font>
					<textcolor>FFFFFAF0</textcolor>
					<label>$VAR[value_weather_date]</label>
					<scroll>true</scroll>
					<animation effect="fade" start="100" end="90" time="0" condition="!Control.Hasfocus(9000)">conditional</animation>
					<animation effect="slide" start="0,0" end="-75,0" condition="![StringCompare(Weather.Plugin,weather.openweathermap.extended) | StringCompare(Weather.Plugin,weather.ozweather) | StringCompare(Weather.Plugin,weather.worldweatheronline) | StringCompare(Weather.Plugin,weather.wunderground) | StringCompare(Weather.Plugin,weather.yahoo)]">Conditional</animation>
				</control>
			</control>

			<control type="group"><!-- (Player) Controles -->
				<visible>Player.HasMedia</visible>
				<animation effect="slide" start="1280,0" end="0,0" time="500" delay="1000" tween="sine" easing="out">WindowOpen</animation>
				<animation effect="slide" start="1280,0" end="0,0" time="500" delay="1000" tween="sine" easing="out">Visible</animation>
				<animation effect="slide" start="0,0" end="1280,0" time="500" delay="1000" tween="sine" easing="out">Hidden</animation>
				<animation effect="slide" start="0,0" end="0,-605" condition="Skin.HasSetting(highertime) + !Skin.HasSetting(highermainmenu)">Conditional</animation>
				<animation effect="slide" start="0,0" end="0,-395" condition="Skin.HasSetting(highertime) + Skin.HasSetting(highermainmenu)">Conditional</animation>
				<animation effect="slide" start="0,0" end="0,-210" condition="Skin.HasSetting(highermainmenu)">Conditional</animation>
				<control type="image">
					<posx>925</posx>
					<posy>518</posy>
					<width>500</width>
					<height>28</height>
					<texture flipx="true" flipy="true">widgets_panel.png</texture>
					<colordiffuse>$VAR[value_texturecolor]</colordiffuse>
					<include>Animation_HomeGlass</include>
				</control>
				<control type="list" id="600"><!-- Controles -->
					<posx>970</posx>
					<posy>498</posy>
					<height>200</height>
					<width>400</width>
					<ondown>9000</ondown>
					<onup>SetFocus($VAR[Top_GoTo])</onup>
					<onleft>600</onleft>
					<onright>600</onright>
					<viewtype>list</viewtype>
					<align>right</align>
					<orientation>horizontal</orientation>
					<scrolltime>200</scrolltime>
					<focusposition>0</focusposition>
					<itemlayout width="31" height="40">
						<control type="image">
							<posy>22</posy>
							<width>24</width>
							<height>24</height>
							<info>ListItem.Icon</info>
							<colordiffuse>50FFFAF0</colordiffuse>
							<include>Animation_Fade</include>
						</control>
					</itemlayout>
					<focusedlayout width="31" height="40">
						<control type="image">
							<posy>22</posy>
							<width>24</width>
							<height>24</height>
							<info>ListItem.Icon</info>
							<colordiffuse>50FFFAF0</colordiffuse>
							<include>Animation_Fade</include>
							<visible>!Control.HasFocus(600)</visible>
						</control>
						<control type="image">
							<posy>22</posy>
							<width>24</width>
							<height>24</height>
							<info>ListItem.Icon</info>
							<colordiffuse>FFFFFAF0</colordiffuse>
							<include>Animation_Fade</include>
							<visible>Control.HasFocus(600)</visible>
						</control>
					</focusedlayout>
					<content>
						<item id="1"><!-- play DVD -->
							<label>-</label>
							<icon>osd_menu_play_square.png</icon>
							<onclick>PlayDVD</onclick>
							<visible>System.HasMediaDVD + ![Player.Playing | Player.Paused | Player.Forwarding | Player.Rewinding]</visible>
						</item>
						<item id="2"><!-- pause -->
							<label>-</label>
							<icon>osd_menu_pause_square.png</icon>
							<onclick>PlayerControl(Play)</onclick>
							<visible>!Player.Paused</visible>
						</item>
						<item id="3"><!-- play -->
							<label>-</label>
							<icon>osd_menu_play_square.png</icon>
							<onclick>PlayerControl(Play)</onclick>
							<visible>Player.Paused</visible>
						</item>
						<item id="4"><!-- playlist -->
							<label>-</label>
							<icon>osd_menu_plyalist_square.png</icon>
							<onclick>ActivateWindow(musicplaylist)</onclick>
							<visible>Player.HasAudio + !IsEmpty(MusicPlayer.offset(1).Artist)</visible>
						</item>
						<item id="5"><!-- stop -->
							<label>-</label>
							<icon>osd_menu_stop_square.png</icon>
							<onclick>PlayerControl(Stop)</onclick>
							<onclick>SetFocus(9000)</onclick>
						</item>
						<item id="6"><!-- skipbwd -->
							<label>-</label>
							<icon>osd_menu_skipbwd_square.png</icon>
							<onclick>PlayerControl(Previous)</onclick>
							<visible>!VideoPlayer.Content(LiveTV)</visible>
						</item>
						<item id="6"><!-- - canal -->
							<label>-</label>
							<icon>osd_menu_skipbwd_channeldown.png</icon>
							<onclick>PlayerControl(Previous)</onclick>
							<visible>VideoPlayer.Content(LiveTV)</visible>
						</item>
						<item id="7"><!-- rew -->
							<label>-</label>
							<icon>osd_menu_rew_square.png</icon>
							<onclick>PlayerControl(Rewind)</onclick>
						</item>
						<item id="8"><!-- ff -->
							<label>-</label>
							<icon>osd_menu_ff_square.png</icon>
							<onclick>PlayerControl(Forward)</onclick>
						</item>
						<item id="9"><!-- skipfwd -->
							<label>-</label>
							<icon>osd_menu_skipfwd_square.png</icon>
							<onclick>PlayerControl(Next)</onclick>
							<visible>!VideoPlayer.Content(LiveTV)</visible>
						</item>
						<item id="9"><!-- + canal -->
							<label>-</label>
							<icon>osd_menu_skipfwd_channelup.png</icon>
							<onclick>PlayerControl(Next)</onclick>
							<visible>VideoPlayer.Content(LiveTV)</visible>
						</item>
						<item id="10"><!-- repeat -->
							<label>-</label>
							<icon>$VAR[value_playericon_repeat]</icon>
							<onclick>PlayerControl(Repeat)</onclick>
							<visible>!VideoPlayer.Content(LiveTV)</visible>
						</item>
						<item id="11"><!-- random -->
							<label>-</label>
							<icon>$VAR[value_playericon_random]</icon>
							<onclick>PlayerControl(Random)</onclick>
							<visible>!VideoPlayer.Content(LiveTV)</visible>
						</item>
						<item id="12"><!-- go to fullscreen -->
							<label>-</label>
							<icon>osd_menu_fullscreen_square.png</icon>
							<onclick>fullscreen</onclick>
						</item>
					</content>
				</control>
			</control>

			<control type="group"><!-- Subtitulo dos widgets -->	
				<animation effect="slide" start="-500,0" end="0,0" time="500" delay="1000" tween="sine" easing="out">Visible</animation>
				<animation effect="slide" start="0,0" end="-500,0" time="500" tween="sine" easing="out">Hidden</animation>
				<animation effect="slide" start="0,0" end="0,-605" condition="Skin.HasSetting(highertotals) + !Skin.HasSetting(highermainmenu)">Conditional</animation>
				<animation effect="slide" start="0,0" end="0,-395" condition="Skin.HasSetting(highertotals) + Skin.HasSetting(highermainmenu)">Conditional</animation>
				<animation effect="slide" start="0,0" end="0,-210" condition="Skin.HasSetting(highermainmenu)">Conditional</animation>
				<visible>Control.HasFocus(510)</visible>
				<control type="image">
					<posx>0</posx>
					<posy>605</posy>
					<width>500</width>
					<height>26</height>
					<texture>widgets_panel.png</texture>
					<colordiffuse>$VAR[value_texturecolor]</colordiffuse>
					<include>Animation_HomeGlass</include>
				</control>
				<control type="label">
					<posx>470</posx>
					<posy>608</posy>
					<width>450</width>
					<height>20</height>
					<align>right</align>
					<aligny>center</aligny>
					<font>Font_18A</font>
					<textcolor>FFFFFAF0</textcolor>
					<label>$VAR[value_mfsubtitle]</label>
					<scroll>true</scroll>
				</control>
			</control>

			<!-- Menu Principal -->
			<control type="group">
				<animation effect="slide" start="0,0" end="0,-210" time="400" tween="cubic" easing="inout" condition="Skin.HasSetting(highermainmenu)">Conditional</animation>
				<visible>StringCompare(skin.string(defaultsettings),2)</visible>
				<control type="image">
					<posx>0</posx>
					<posy>545</posy>
					<width>1280</width>
					<height>60</height>
					<texture>$VAR[value_mainmenu_aux]</texture>
					<colordiffuse>$VAR[value_mainmenu_styleglass]</colordiffuse>
				</control>
				<control type="multiimage"><!-- Barra de estilos -->
					<posx>0</posx>
					<posy>545</posy>
					<width>1280</width>
					<height>60</height>
					<timeperimage>6000</timeperimage>
					<randomize>true</randomize>
					<fadetime>FanartCrossFadeTime</fadetime>
					<imagepath background="true">$VAR[value_mainmenu_style]</imagepath>
					<colordiffuse>$VAR[value_mainmenu_styleglass]</colordiffuse>
				</control>
				<control type="image">
					<posx>0</posx>
					<posy>545</posy>
					<width>1280</width>
					<height>1</height>
					<texture>separator.png</texture>
					<colordiffuse>$VAR[value_texturecolor]</colordiffuse>
					<include>Animation_HomeGlass</include>
				</control>
				<control type="image">
					<posx>0</posx>
					<posy>605</posy>
					<width>1280</width>
					<height>1</height>
					<texture>separator.png</texture>
					<colordiffuse>$VAR[value_texturecolor]</colordiffuse>
					<include>Animation_HomeGlass</include>
				</control>
				<control type="image">
					<posx>0</posx>
					<posy>516</posy>
					<width>1280</width>
					<height>30</height>
					<texture>shadow_h.png</texture>
					<colordiffuse>C3FFFFFF</colordiffuse>
				</control>
				<control type="image">
					<posx>0</posx>
					<posy>605</posy>
					<width>1280</width>
					<height>30</height>
					<texture flipy="true">shadow_h.png</texture>
					<colordiffuse>C3FFFFFF</colordiffuse>
				</control>
				<include condition="Skin.HasSetting(mainmenufixedlist)">MainMenuFixedList</include>
				<include condition="!Skin.HasSetting(mainmenufixedlist)">MainMenuWrapList</include>
				<control type="progress">
					<posx>0</posx>
					<posy>533</posy>
					<width>1280</width>
					<height>85</height>
					<info>Player.Progress</info>
					<texturebg>progress_clear.png</texturebg>
					<animation effect="fade" start="100" end="40" time="0" condition="true">Conditional</animation>
					<animation effect="fade" start="0" end="100" time="750" condition="Player.HasMedia + System.IdleTime(8)">Conditional</animation>
					<visible>Player.HasMedia + System.IdleTime(8)</visible>
				</control>
				<control type="grouplist"><!-- Contador da reproducao -->
					<posx>0</posx>
					<posy>538</posy> <!-- was 535 -->
					<width>1280</width>
					<height>70</height> <!-- was 65 -->
					<itemgap>0</itemgap>
					<control type="label">
						<include condition="StringCompare(skin.string(font),font1)">Font1</include>
						<include condition="StringCompare(skin.string(font),font2)">Font2</include>
						<include condition="StringCompare(skin.string(font),font3)">Font3</include>
						<include condition="StringCompare(skin.string(font),font4)">Font4</include>
						<include condition="StringCompare(skin.string(font),font5)">Font5</include>
						<include condition="StringCompare(skin.string(font),font6)">Font6</include>
						<include condition="StringCompare(skin.string(font),font7)">Font7</include>
						<include condition="StringCompare(skin.string(font),font8)">Font8</include>
						<aligny>center</aligny>
						<label>$INFO[VideoPlayer.Time] / $INFO[VideoPlayer.Duration]</label>
						<animation effect="fade" start="0" end="100" time="750" condition="Player.HasMedia + System.IdleTime(8)">Conditional</animation>
						<visible>Player.HasMedia + System.IdleTime(8)</visible>
					</control>
					<control type="label"><!-- Titulo dos widgets -->
						<include condition="StringCompare(skin.string(font),font1)">Font1</include>
						<include condition="StringCompare(skin.string(font),font2)">Font2</include>
						<include condition="StringCompare(skin.string(font),font3)">Font3</include>
						<include condition="StringCompare(skin.string(font),font4)">Font4</include>
						<include condition="StringCompare(skin.string(font),font5)">Font5</include>
						<include condition="StringCompare(skin.string(font),font6)">Font6</include>
						<include condition="StringCompare(skin.string(font),font7)">Font7</include>
						<include condition="StringCompare(skin.string(font),font8)">Font8</include>
						<aligny>center</aligny>
						<label>$INFO[Container(510).ListItem.Label]</label>
						<animation effect="fade" reversible="true" time="300">VisibleChange</animation>
						<animation effect="fade" start="100" end="0" time="750" condition="Player.HasMedia + System.IdleTime(8)">Conditional</animation>
						<visible>Control.HasFocus(510)</visible>
					</control>
					<control type="label"><!-- Titulo dos controles -->
						<include condition="StringCompare(skin.string(font),font1)">Font1</include>
						<include condition="StringCompare(skin.string(font),font2)">Font2</include>
						<include condition="StringCompare(skin.string(font),font3)">Font3</include>
						<include condition="StringCompare(skin.string(font),font4)">Font4</include>
						<include condition="StringCompare(skin.string(font),font5)">Font5</include>
						<include condition="StringCompare(skin.string(font),font6)">Font6</include>
						<include condition="StringCompare(skin.string(font),font7)">Font7</include>
						<include condition="StringCompare(skin.string(font),font8)">Font8</include>
						<aligny>center</aligny>
						<label>$VAR[value_playercontrols]</label>
						<animation effect="fade" reversible="true" time="300">VisibleChange</animation>
						<animation effect="fade" start="100" end="0" time="750" condition="Player.HasMedia + System.IdleTime(8)">Conditional</animation>
						<visible>Control.HasFocus(600)</visible>
					</control>
				</control>
				<control type="image">
					<posx>0</posx>
					<posy>545</posy>
					<width>1280</width>
					<height>61</height>
					<aspectratio>stretch</aspectratio>
					<texture>gradient_small.png</texture>
					<colordiffuse>C3FFFFFF</colordiffuse>
				</control>
				<control type="image">
					<posx>0</posx>
					<posy>545</posy>
					<width>1280</width>
					<height>61</height>
					<aspectratio>stretch</aspectratio>
					<texture>osd_glass.png</texture>
					<visible>Skin.HasSetting(mainmenuglass)</visible>
				</control>
			</control>
			<control type="button" id="5201">
				<posx>1220</posx>
				<posy>660</posy>
				<width>60</width>
				<height>60</height>
				<onclick>Skin.SetBool(submode)</onclick>
				<onclick>ActivateWindow($VAR[Sub_GoTo])</onclick>
				<align>left</align>
				<texturefocus flipy="true">touchbutton.png</texturefocus>
				<texturenofocus flipy="true">touchbutton.png</texturenofocus>
				<colordiffuse>FFFFFAF0</colordiffuse>
				<include>Animation_Fade</include>
				<animation effect="fade" start="100" end="75" time="0" condition="!Control.Hasfocus(5201)">conditional</animation>
				<visible>Skin.HasSetting(touchscreen) + !Skin.HasSetting(submode)</visible>
			</control>
			<include>BGBlack</include>
			<include>TrailerWindow</include>
		</control>
	</controls>
</window>