<?xml version="1.0" encoding="UTF-8" standalone="yes"?>
<addon id="repository.aeon-mq5-mod-jarvis" name="Aeon MQ5 Jarvismod Skin Repository" version="1.0.0" provider-name="scott967">
	<extension point="xbmc.addon.repository" name="Aeon MQ5 Jarvismod Skin Repository">
		<info compressed="false">https://raw.githubusercontent.com/scott967/Aeon_MQ5_Mod_Jarvis/master/addons.xml</info>
		<checksum>https://raw.githubusercontent.com/scott967/Aeon_MQ5_Mod_Jarvis/master/addons.xml.md5</checksum>
		<datadir zip="true">https://raw.githubusercontent.com/scott967/Aeon_MQ5_Mod_Jarvis/master/Downloads</datadir>
		<hashes>false</hashes>
	</extension>
	<extension point="xbmc.addon.metadata">
		<summary>Install Aeon MQ 5 Jarvismod skin from Add-on Repository</summary>
		<description>Jarvismod is a mod of skin Aeon MQ5 developed by Marcos Qui for XBMC Gotham intended for use in Kodi Jarvis (ver 16.+)</description>
		<disclaimer></disclaimer>
		<platform>all</platform>
	</extension>
</addon>
