<?xml version="1.0" encoding="UTF-8" standalone="yes"?>
<!-- Aeon MQ 5 Helix 6.1.0/Orby/6.1.4 -->
<!-- Isengard 7.1.9 -->
<!-- Jarvis 8.1.13/8.1.14 -->

<window>
	<defaultcontrol>3</defaultcontrol>
	<!-- <allowoverlay>no</allowoverlay> -->
	<onload condition="!StringCompare(skin.string(defaultsettings),2)">AlarmClock(firstfocus,SetFocus(900),0:10,true)</onload>
	<controls>
		<control type="multiimage">
			<include>WindowBG</include>
			<imagepath background="true">$VAR[value_menutheme_settings]</imagepath>
		</control>
		<control type="group"><!-- default group -->
			<include>Animation_Window</include>
			<include>SettingsBack</include><!-- Menu da direita -->
			<visible>!Window.IsActive(PVRChannelManager)</visible>
			<control type="label">
				<include>SettingsContentTitle</include>
				<label>31351</label>
				<visible>Window.IsActive(appearancesettings)</visible>
			</control>
			<control type="label">
				<include>SettingsContentTitle</include>
				<label>31353</label>
				<visible>Window.IsActive(videossettings)</visible>
			</control>
			<control type="label">
				<include>SettingsContentTitle</include>
				<label>31355</label>
				<visible>Window.IsActive(musicsettings)</visible>
			</control>
			<control type="label">
				<include>SettingsContentTitle</include>
				<label>31357</label>
				<visible>Window.IsActive(tvsettings) + System.HasPVR</visible>
			</control>
			<control type="label">
				<include>SettingsContentTitle</include>
				<label>31365</label>
				<visible>Window.IsActive(picturessettings)</visible>
			</control>
			<control type="label">
				<include>SettingsContentTitle</include>
				<label>31367</label>
				<visible>Window.IsActive(weathersettings)</visible>
			</control>
			<control type="label">
				<include>SettingsContentTitle</include>
				<label>31359</label>
				<visible>Window.IsActive(systemsettings)</visible>
			</control>
			<control type="label">
				<include>SettingsContentTitle</include>
				<label>31361</label>
				<visible>Window.IsActive(servicesettings)</visible>
			</control>
			<control type="image">
				<posx>240</posx>
				<posy>600</posy>
				<height>120</height>
				<width>1040</width>
				<texture flipy="true">osd_grey_bg.png</texture>
				<colordiffuse>$VAR[value_texturecolor]</colordiffuse>
				<animation effect="fade" end="85" condition="true">Conditional</animation>
			</control>	
			<control type="image"><!-- Painel de info no rodape -->
				<posx>240</posx>
				<posy>600</posy>
				<height>2</height>
				<width>1040</width>
				<texture>separator.png</texture>
			</control>
			<control type="textbox" id="6">
				<posx>290</posx>
				<posy>610</posy>
				<width>940</width>
				<height>90</height>
				<font>Font_18A</font>
				<align>justify</align>
				<aligny>top</aligny>
				<textcolor>FFFFFAF0</textcolor>
				<autoscroll time="3000" delay="4000" repeat="5000">true</autoscroll>
			</control>
			<control type="grouplist" id="5">
				<posx>240</posx>
				<posy>120</posy>
				<width>1040</width>
				<height>480</height>
				<itemgap>0</itemgap>
				<onup>5</onup>
				<ondown>5</ondown>
				<onleft>3</onleft>
				<onright>80</onright>
				<pagecontrol>80</pagecontrol>
			</control>
			<control type="button" id="7">
			</control>
			<control type="radiobutton" id="8">
			</control>
			<control type="spincontrolex" id="9">
			</control>
			<control type="sliderex" id="13">
				<description>Default Slider</description>
				<posx>0</posx>
				<posy>0</posy>
				<height>40</height>
				<font>font13</font>
				<textcolor>grey2</textcolor>
				<focusedcolor>white</focusedcolor>
				<texturefocus border="0,2,0,2">MenuItemFO.png</texturefocus>
				<texturenofocus border="0,2,0,2">MenuItemNF.png</texturenofocus>
				<aligny>center</aligny>
			</control>
			<control type="label" id="14">
			</control>
			<include>RSS</include>
			<control type="scrollbar" id="80">
				<include>ScrollBar_Vertical</include>
				<posx>1240</posx>
				<posy>130</posy>
				<height>464</height>
				<onleft>5</onleft>
				<onright>3</onright>
				<animation effect="fade" time="200">Visible</animation>
				<animation effect="fade" time="50">Hidden</animation>
			</control>
			<include>SettingsMenu</include><!-- Menu da esquerda -->
			<include>Date</include>
			<control type="label">
				<include>SettingsSectionTitle</include>
				<label>31202</label>
			</control>
			<control type="group"><!-- Menu de nivel -->
				<posx>-300</posx>
				<animation effect="slide" start="0,0" end="300,0" time="300" easing="out" tween="cubic" condition="ControlGroup(9900).HasFocus">Conditional</animation>
				<control type="grouplist" id="9900">
					<posx>0</posx>
					<posy>120</posy>
					<width>240</width>
					<height>660</height>
					<orientation>vertical</orientation>
					<itemgap>0</itemgap>
					<onleft>9900</onleft>
					<onright>3</onright>
					<onup>9900</onup>
					<ondown>9900</ondown>
					<onback>3</onback>	
					<control type="button" id="20"><!-- Setting level -->
						<aligny>center</aligny>
						<include>SettingsButton</include>
						<label>10037</label>
						<onclick>SettingsLevelChange</onclick>
					</control>
					<control type="button" id="21"><!-- Reset level -->
						<aligny>center</aligny>
						<include>SettingsButton</include>
						<label>10035</label>
						<onclick>SettingsReset</onclick>
					</control>
				</control>
			</control>
			<control type="grouplist" id="3">
				<posx>0</posx>
				<posy>120</posy>
				<width>240</width>
				<height>660</height>
				<orientation>vertical</orientation>
				<itemgap>0</itemgap>
				<onleft>9900</onleft>
				<onright>5</onright>
				<onup>3</onup>
				<ondown>3</ondown>
				<animation effect="slide" start="0,0" end="-300,0" time="300" easing="out" tween="cubic" condition="ControlGroup(9900).HasFocus">Conditional</animation>
			</control>
			<control type="image">
				<posx>0</posx>
				<posy>0</posy>
				<width>250</width>
				<height>720</height>
				<texture>menu_glass.png</texture>
				<colordiffuse>70FFFAF0</colordiffuse>
			</control>
			<control type="button" id="10"><!-- Default category button-->
				<include>SettingsButton2</include>
				<onclick>SetFocus(800)</onclick>
			</control>
			<include>BGBlack</include>
		</control>
	</controls>
</window>